Project Name,Package Name,Type Name,NOF,NOPF,NOM,NOPM,LOC,WMC,NC,DIT,LCOM,FANIN,FANOUT,File path,Line no
javacpp,org.bytedeco.javacpp,AdapterTest,0,0,53,12,308,57,0,0,-1.0,0,6,/Users/pinksteam/IdeaProjects/javacpp/src/test/java/org/bytedeco/javacpp/AdapterTest.java,48
javacpp,org.bytedeco.javacpp,AdapterTest.SharedData,0,0,0,0,11,0,0,1,-1.0,0,0,/Users/pinksteam/IdeaProjects/javacpp/src/test/java/org/bytedeco/javacpp/AdapterTest.java,83
javacpp,org.bytedeco.javacpp,AdapterTest.UniqueData,0,0,0,0,11,0,0,1,-1.0,0,0,/Users/pinksteam/IdeaProjects/javacpp/src/test/java/org/bytedeco/javacpp/AdapterTest.java,97
javacpp,org.bytedeco.javacpp,AdapterTest.MovedData,0,0,0,0,11,0,0,1,-1.0,0,0,/Users/pinksteam/IdeaProjects/javacpp/src/test/java/org/bytedeco/javacpp/AdapterTest.java,118
javacpp,org.bytedeco.javacpp,AdapterTest.SharedFunction,0,0,0,0,10,0,0,2,-1.0,0,0,/Users/pinksteam/IdeaProjects/javacpp/src/test/java/org/bytedeco/javacpp/AdapterTest.java,131
javacpp,org.bytedeco.javacpp,AdapterTest.UniqueFunction,0,0,0,0,10,0,0,2,-1.0,0,0,/Users/pinksteam/IdeaProjects/javacpp/src/test/java/org/bytedeco/javacpp/AdapterTest.java,140
javacpp,org.bytedeco.javacpp,EnumTest,5,5,11,6,69,11,0,0,0.18181818181818182,0,2,/Users/pinksteam/IdeaProjects/javacpp/src/test/java/org/bytedeco/javacpp/EnumTest.java,33
javacpp,org.bytedeco.javacpp,EnumTest.BoolEnum,1,1,0,0,5,0,0,0,-1.0,0,0,/Users/pinksteam/IdeaProjects/javacpp/src/test/java/org/bytedeco/javacpp/EnumTest.java,41
javacpp,org.bytedeco.javacpp,EnumTest.ByteEnum,1,1,0,0,5,0,0,0,-1.0,0,0,/Users/pinksteam/IdeaProjects/javacpp/src/test/java/org/bytedeco/javacpp/EnumTest.java,48
javacpp,org.bytedeco.javacpp,EnumTest.ShortEnum,1,1,0,0,5,0,0,0,-1.0,0,0,/Users/pinksteam/IdeaProjects/javacpp/src/test/java/org/bytedeco/javacpp/EnumTest.java,55
javacpp,org.bytedeco.javacpp,EnumTest.IntEnum,1,1,0,0,5,0,0,0,-1.0,0,0,/Users/pinksteam/IdeaProjects/javacpp/src/test/java/org/bytedeco/javacpp/EnumTest.java,62
javacpp,org.bytedeco.javacpp,EnumTest.LongEnum,1,1,0,0,5,0,0,0,-1.0,0,0,/Users/pinksteam/IdeaProjects/javacpp/src/test/java/org/bytedeco/javacpp/EnumTest.java,69
javacpp,org.bytedeco.javacpp,EnumTest.EnumCallback,0,0,0,0,13,0,0,2,-1.0,0,0,/Users/pinksteam/IdeaProjects/javacpp/src/test/java/org/bytedeco/javacpp/EnumTest.java,76
javacpp,org.bytedeco.javacpp,PointerTest,3,0,20,20,1050,110,0,0,0.4,0,13,/Users/pinksteam/IdeaProjects/javacpp/src/test/java/org/bytedeco/javacpp/PointerTest.java,48
javacpp,org.bytedeco.javacpp,PointerTest.TestFunction,0,0,0,0,12,0,0,2,-1.0,0,0,/Users/pinksteam/IdeaProjects/javacpp/src/test/java/org/bytedeco/javacpp/PointerTest.java,59
javacpp,org.bytedeco.javacpp,BufferTest,1,0,21,21,142,21,0,0,0.14285714285714285,0,9,/Users/pinksteam/IdeaProjects/javacpp/src/test/java/org/bytedeco/javacpp/BufferTest.java,39
javacpp,org.bytedeco.javacpp,BufferTest.BufferCallback,1,0,0,0,14,0,0,2,-1.0,0,0,/Users/pinksteam/IdeaProjects/javacpp/src/test/java/org/bytedeco/javacpp/BufferTest.java,47
javacpp,org.bytedeco.javacpp,IndexerTest,0,0,32,32,1247,179,0,0,-1.0,0,27,/Users/pinksteam/IdeaProjects/javacpp/src/test/java/org/bytedeco/javacpp/IndexerTest.java,60
javacpp,org.bytedeco.javacpp,IndexerTest.TestIndexer,0,0,0,0,16,0,0,0,-1.0,0,0,/Users/pinksteam/IdeaProjects/javacpp/src/test/java/org/bytedeco/javacpp/IndexerTest.java,85
javacpp,org.bytedeco.javacpp,BuilderTest,4,0,3,3,72,7,0,1,0.0,0,4,/Users/pinksteam/IdeaProjects/javacpp/src/test/java/org/bytedeco/javacpp/BuilderTest.java,34
javacpp,org.bytedeco.javacpp,ThreadTest,0,0,4,3,75,6,0,0,-1.0,0,2,/Users/pinksteam/IdeaProjects/javacpp/src/test/java/org/bytedeco/javacpp/ThreadTest.java,17
javacpp,org.bytedeco.javacpp,ThreadTest.Callback,0,0,0,0,31,0,0,1,-1.0,0,0,/Users/pinksteam/IdeaProjects/javacpp/src/test/java/org/bytedeco/javacpp/ThreadTest.java,30
javacpp,org.bytedeco.javacpp,Pointer,25,0,65,56,0,116,17,0,0.27692307692307694,22,3,/Users/pinksteam/IdeaProjects/javacpp/src/main/java/org/bytedeco/javacpp/Pointer.java,40
javacpp,org.bytedeco.javacpp,Pointer.Deallocator,0,0,0,0,6,0,0,0,-1.0,0,0,/Users/pinksteam/IdeaProjects/javacpp/src/main/java/org/bytedeco/javacpp/Pointer.java,139
javacpp,org.bytedeco.javacpp,Pointer.ReferenceCounter,0,0,0,0,5,0,0,0,-1.0,0,0,/Users/pinksteam/IdeaProjects/javacpp/src/main/java/org/bytedeco/javacpp/Pointer.java,144
javacpp,org.bytedeco.javacpp,Pointer.CustomDeallocator,2,0,0,0,44,0,0,0,-1.0,0,1,/Users/pinksteam/IdeaProjects/javacpp/src/main/java/org/bytedeco/javacpp/Pointer.java,160
javacpp,org.bytedeco.javacpp,Pointer.NativeDeallocator,2,0,0,0,29,0,0,0,-1.0,0,0,/Users/pinksteam/IdeaProjects/javacpp/src/main/java/org/bytedeco/javacpp/Pointer.java,212
javacpp,org.bytedeco.javacpp,Pointer.ProxyDeallocator,2,0,0,0,33,0,0,0,-1.0,0,1,/Users/pinksteam/IdeaProjects/javacpp/src/main/java/org/bytedeco/javacpp/Pointer.java,245
javacpp,org.bytedeco.javacpp,Pointer.DeallocatorReference,8,0,0,0,88,0,0,0,-1.0,0,0,/Users/pinksteam/IdeaProjects/javacpp/src/main/java/org/bytedeco/javacpp/Pointer.java,279
javacpp,org.bytedeco.javacpp,Pointer.DeallocatorThread,0,0,0,0,21,0,0,0,-1.0,0,0,/Users/pinksteam/IdeaProjects/javacpp/src/main/java/org/bytedeco/javacpp/Pointer.java,379
javacpp,org.bytedeco.javacpp,ClassProperties,9,0,12,12,323,84,0,0,0.25,7,2,/Users/pinksteam/IdeaProjects/javacpp/src/main/java/org/bytedeco/javacpp/ClassProperties.java,36
javacpp,org.bytedeco.javacpp,DoublePointer,1,0,20,19,154,22,0,1,0.55,5,2,/Users/pinksteam/IdeaProjects/javacpp/src/main/java/org/bytedeco/javacpp/DoublePointer.java,28
javacpp,org.bytedeco.javacpp,BytePointer,1,0,83,82,457,86,0,1,0.5301204819277109,9,2,/Users/pinksteam/IdeaProjects/javacpp/src/main/java/org/bytedeco/javacpp/BytePointer.java,35
javacpp,org.bytedeco.javacpp,Loader,14,0,72,69,1946,316,0,0,0.2916666666666667,16,3,/Users/pinksteam/IdeaProjects/javacpp/src/main/java/org/bytedeco/javacpp/Loader.java,68
javacpp,org.bytedeco.javacpp,Loader.Detector,0,0,0,0,45,0,0,0,-1.0,0,0,/Users/pinksteam/IdeaProjects/javacpp/src/main/java/org/bytedeco/javacpp/Loader.java,97
javacpp,org.bytedeco.javacpp,Loader.Helper,0,0,0,0,48,0,0,0,-1.0,0,0,/Users/pinksteam/IdeaProjects/javacpp/src/main/java/org/bytedeco/javacpp/Loader.java,2037
javacpp,org.bytedeco.javacpp,SizeTPointer,1,0,17,16,140,20,0,1,0.5882352941176471,0,2,/Users/pinksteam/IdeaProjects/javacpp/src/main/java/org/bytedeco/javacpp/SizeTPointer.java,29
javacpp,org.bytedeco.javacpp,LongPointer,1,0,20,19,154,22,0,1,0.55,7,2,/Users/pinksteam/IdeaProjects/javacpp/src/main/java/org/bytedeco/javacpp/LongPointer.java,28
javacpp,org.bytedeco.javacpp,IntPointer,1,0,24,23,207,30,0,1,0.4166666666666667,8,2,/Users/pinksteam/IdeaProjects/javacpp/src/main/java/org/bytedeco/javacpp/IntPointer.java,28
javacpp,org.bytedeco.javacpp,CLongPointer,1,0,17,16,140,20,0,1,0.5882352941176471,0,2,/Users/pinksteam/IdeaProjects/javacpp/src/main/java/org/bytedeco/javacpp/CLongPointer.java,29
javacpp,org.bytedeco.javacpp,BooleanPointer,1,0,19,18,150,22,0,1,0.5263157894736842,4,2,/Users/pinksteam/IdeaProjects/javacpp/src/main/java/org/bytedeco/javacpp/BooleanPointer.java,28
javacpp,org.bytedeco.javacpp,BoolPointer,1,0,12,11,94,13,0,1,0.75,0,2,/Users/pinksteam/IdeaProjects/javacpp/src/main/java/org/bytedeco/javacpp/BoolPointer.java,29
javacpp,org.bytedeco.javacpp,LoadEnabled,0,0,1,0,8,1,1,0,-1.0,0,1,/Users/pinksteam/IdeaProjects/javacpp/src/main/java/org/bytedeco/javacpp/LoadEnabled.java,27
javacpp,org.bytedeco.javacpp,CharPointer,1,0,24,23,203,29,0,1,0.4166666666666667,5,2,/Users/pinksteam/IdeaProjects/javacpp/src/main/java/org/bytedeco/javacpp/CharPointer.java,28
javacpp,org.bytedeco.javacpp,PointerPointer,2,0,39,38,370,51,0,1,0.5128205128205128,2,3,/Users/pinksteam/IdeaProjects/javacpp/src/main/java/org/bytedeco/javacpp/PointerPointer.java,29
javacpp,org.bytedeco.javacpp,PointerScope,5,0,11,10,131,24,0,0,0.2727272727272727,2,2,/Users/pinksteam/IdeaProjects/javacpp/src/main/java/org/bytedeco/javacpp/PointerScope.java,31
javacpp,org.bytedeco.javacpp,FloatPointer,1,0,20,19,154,22,0,1,0.55,5,2,/Users/pinksteam/IdeaProjects/javacpp/src/main/java/org/bytedeco/javacpp/FloatPointer.java,28
javacpp,org.bytedeco.javacpp,FunctionPointer,0,0,2,0,12,2,5,1,-1.0,0,1,/Users/pinksteam/IdeaProjects/javacpp/src/main/java/org/bytedeco/javacpp/FunctionPointer.java,31
javacpp,org.bytedeco.javacpp,ShortPointer,1,0,20,19,154,22,0,1,0.55,11,2,/Users/pinksteam/IdeaProjects/javacpp/src/main/java/org/bytedeco/javacpp/ShortPointer.java,28
javacpp,org.bytedeco.javacpp.indexer,HyperslabIndexTest,3,0,6,6,125,6,0,0,0.5,0,1,/Users/pinksteam/IdeaProjects/javacpp/src/test/java/org/bytedeco/javacpp/indexer/HyperslabIndexTest.java,28
javacpp,org.bytedeco.javacpp.indexer,IntBufferIndexer,1,0,21,21,108,27,0,2,0.0,0,2,/Users/pinksteam/IdeaProjects/javacpp/src/main/java/org/bytedeco/javacpp/indexer/IntBufferIndexer.java,28
javacpp,org.bytedeco.javacpp.indexer,Bfloat16RawIndexer,4,0,23,23,124,29,0,2,0.0,0,4,/Users/pinksteam/IdeaProjects/javacpp/src/main/java/org/bytedeco/javacpp/indexer/Bfloat16RawIndexer.java,28
javacpp,org.bytedeco.javacpp.indexer,DoubleIndexer,1,1,39,37,216,40,3,1,0.8974358974358975,4,3,/Users/pinksteam/IdeaProjects/javacpp/src/main/java/org/bytedeco/javacpp/indexer/DoubleIndexer.java,28
javacpp,org.bytedeco.javacpp.indexer,FloatArrayIndexer,1,0,21,21,108,27,0,2,0.0,0,2,/Users/pinksteam/IdeaProjects/javacpp/src/main/java/org/bytedeco/javacpp/indexer/FloatArrayIndexer.java,25
javacpp,org.bytedeco.javacpp.indexer,UByteIndexer,1,1,39,37,216,40,3,1,0.8974358974358975,4,3,/Users/pinksteam/IdeaProjects/javacpp/src/main/java/org/bytedeco/javacpp/indexer/UByteIndexer.java,28
javacpp,org.bytedeco.javacpp.indexer,DoubleArrayIndexer,1,0,21,21,108,27,0,2,0.0,0,2,/Users/pinksteam/IdeaProjects/javacpp/src/main/java/org/bytedeco/javacpp/indexer/DoubleArrayIndexer.java,25
javacpp,org.bytedeco.javacpp.indexer,UIntBufferIndexer,1,0,21,21,108,27,0,2,0.0,0,2,/Users/pinksteam/IdeaProjects/javacpp/src/main/java/org/bytedeco/javacpp/indexer/UIntBufferIndexer.java,28
javacpp,org.bytedeco.javacpp.indexer,DoubleBufferIndexer,1,0,21,21,108,27,0,2,0.0,0,2,/Users/pinksteam/IdeaProjects/javacpp/src/main/java/org/bytedeco/javacpp/indexer/DoubleBufferIndexer.java,28
javacpp,org.bytedeco.javacpp.indexer,Index,1,0,13,13,91,13,2,0,0.46153846153846156,58,0,/Users/pinksteam/IdeaProjects/javacpp/src/main/java/org/bytedeco/javacpp/indexer/Index.java,25
javacpp,org.bytedeco.javacpp.indexer,CharRawIndexer,4,0,23,23,124,29,0,2,0.0,0,4,/Users/pinksteam/IdeaProjects/javacpp/src/main/java/org/bytedeco/javacpp/indexer/CharRawIndexer.java,28
javacpp,org.bytedeco.javacpp.indexer,Bfloat16Indexer,1,1,41,39,229,42,3,1,0.9024390243902439,5,3,/Users/pinksteam/IdeaProjects/javacpp/src/main/java/org/bytedeco/javacpp/indexer/Bfloat16Indexer.java,28
javacpp,org.bytedeco.javacpp.indexer,ShortRawIndexer,4,0,23,23,124,29,0,2,0.0,0,4,/Users/pinksteam/IdeaProjects/javacpp/src/main/java/org/bytedeco/javacpp/indexer/ShortRawIndexer.java,28
javacpp,org.bytedeco.javacpp.indexer,Indexer,4,0,29,26,217,39,14,0,0.3103448275862069,0,3,/Users/pinksteam/IdeaProjects/javacpp/src/main/java/org/bytedeco/javacpp/indexer/Indexer.java,28
javacpp,org.bytedeco.javacpp.indexer,HalfIndexer,1,1,41,39,256,51,3,1,0.9024390243902439,5,3,/Users/pinksteam/IdeaProjects/javacpp/src/main/java/org/bytedeco/javacpp/indexer/HalfIndexer.java,28
javacpp,org.bytedeco.javacpp.indexer,CharBufferIndexer,1,0,21,21,108,27,0,2,0.0,0,2,/Users/pinksteam/IdeaProjects/javacpp/src/main/java/org/bytedeco/javacpp/indexer/CharBufferIndexer.java,28
javacpp,org.bytedeco.javacpp.indexer,ULongIndexer,1,1,41,39,226,43,3,1,0.9024390243902439,5,3,/Users/pinksteam/IdeaProjects/javacpp/src/main/java/org/bytedeco/javacpp/indexer/ULongIndexer.java,30
javacpp,org.bytedeco.javacpp.indexer,UIntIndexer,1,1,39,37,216,40,3,1,0.8974358974358975,4,3,/Users/pinksteam/IdeaProjects/javacpp/src/main/java/org/bytedeco/javacpp/indexer/UIntIndexer.java,28
javacpp,org.bytedeco.javacpp.indexer,HalfRawIndexer,4,0,23,23,124,29,0,2,0.0,0,4,/Users/pinksteam/IdeaProjects/javacpp/src/main/java/org/bytedeco/javacpp/indexer/HalfRawIndexer.java,28
javacpp,org.bytedeco.javacpp.indexer,UIntArrayIndexer,1,0,21,21,108,27,0,2,0.0,0,2,/Users/pinksteam/IdeaProjects/javacpp/src/main/java/org/bytedeco/javacpp/indexer/UIntArrayIndexer.java,25
javacpp,org.bytedeco.javacpp.indexer,ByteBufferIndexer,1,0,35,35,157,41,0,2,0.0,0,2,/Users/pinksteam/IdeaProjects/javacpp/src/main/java/org/bytedeco/javacpp/indexer/ByteBufferIndexer.java,28
javacpp,org.bytedeco.javacpp.indexer,UByteBufferIndexer,1,0,21,21,108,27,0,2,0.0,0,2,/Users/pinksteam/IdeaProjects/javacpp/src/main/java/org/bytedeco/javacpp/indexer/UByteBufferIndexer.java,28
javacpp,org.bytedeco.javacpp.indexer,DoubleRawIndexer,4,0,23,23,124,29,0,2,0.0,0,4,/Users/pinksteam/IdeaProjects/javacpp/src/main/java/org/bytedeco/javacpp/indexer/DoubleRawIndexer.java,28
javacpp,org.bytedeco.javacpp.indexer,FloatBufferIndexer,1,0,21,21,108,27,0,2,0.0,0,2,/Users/pinksteam/IdeaProjects/javacpp/src/main/java/org/bytedeco/javacpp/indexer/FloatBufferIndexer.java,28
javacpp,org.bytedeco.javacpp.indexer,Bfloat16ArrayIndexer,1,0,21,21,108,27,0,2,0.0,0,2,/Users/pinksteam/IdeaProjects/javacpp/src/main/java/org/bytedeco/javacpp/indexer/Bfloat16ArrayIndexer.java,25
javacpp,org.bytedeco.javacpp.indexer,Indexable,0,0,1,0,14,1,0,0,-1.0,1,0,/Users/pinksteam/IdeaProjects/javacpp/src/main/java/org/bytedeco/javacpp/indexer/Indexable.java,25
javacpp,org.bytedeco.javacpp.indexer,LongIndexer,1,1,39,37,216,40,3,1,0.8974358974358975,4,3,/Users/pinksteam/IdeaProjects/javacpp/src/main/java/org/bytedeco/javacpp/indexer/LongIndexer.java,28
javacpp,org.bytedeco.javacpp.indexer,BooleanBufferIndexer,1,0,21,21,108,27,0,2,0.0,0,2,/Users/pinksteam/IdeaProjects/javacpp/src/main/java/org/bytedeco/javacpp/indexer/BooleanBufferIndexer.java,28
javacpp,org.bytedeco.javacpp.indexer,UShortIndexer,1,1,39,37,216,40,3,1,0.8974358974358975,4,3,/Users/pinksteam/IdeaProjects/javacpp/src/main/java/org/bytedeco/javacpp/indexer/UShortIndexer.java,28
javacpp,org.bytedeco.javacpp.indexer,ByteIndexer,1,1,67,65,356,68,3,1,0.7313432835820896,4,6,/Users/pinksteam/IdeaProjects/javacpp/src/main/java/org/bytedeco/javacpp/indexer/ByteIndexer.java,29
javacpp,org.bytedeco.javacpp.indexer,BooleanArrayIndexer,1,0,21,21,108,27,0,2,0.0,0,2,/Users/pinksteam/IdeaProjects/javacpp/src/main/java/org/bytedeco/javacpp/indexer/BooleanArrayIndexer.java,25
javacpp,org.bytedeco.javacpp.indexer,Bfloat16BufferIndexer,1,0,21,21,108,27,0,2,0.0,0,2,/Users/pinksteam/IdeaProjects/javacpp/src/main/java/org/bytedeco/javacpp/indexer/Bfloat16BufferIndexer.java,28
javacpp,org.bytedeco.javacpp.indexer,ULongBufferIndexer,1,0,21,21,108,27,0,2,0.0,0,2,/Users/pinksteam/IdeaProjects/javacpp/src/main/java/org/bytedeco/javacpp/indexer/ULongBufferIndexer.java,29
javacpp,org.bytedeco.javacpp.indexer,LongBufferIndexer,1,0,21,21,108,27,0,2,0.0,0,2,/Users/pinksteam/IdeaProjects/javacpp/src/main/java/org/bytedeco/javacpp/indexer/LongBufferIndexer.java,28
javacpp,org.bytedeco.javacpp.indexer,HyperslabIndex,4,0,6,6,51,8,0,2,0.0,0,0,/Users/pinksteam/IdeaProjects/javacpp/src/main/java/org/bytedeco/javacpp/indexer/HyperslabIndex.java,25
javacpp,org.bytedeco.javacpp.indexer,CharIndexer,1,1,39,37,216,40,3,1,0.8974358974358975,4,3,/Users/pinksteam/IdeaProjects/javacpp/src/main/java/org/bytedeco/javacpp/indexer/CharIndexer.java,28
javacpp,org.bytedeco.javacpp.indexer,UIntRawIndexer,4,0,23,23,124,29,0,2,0.0,0,4,/Users/pinksteam/IdeaProjects/javacpp/src/main/java/org/bytedeco/javacpp/indexer/UIntRawIndexer.java,28
javacpp,org.bytedeco.javacpp.indexer,UByteRawIndexer,4,0,23,23,125,29,0,2,0.0,0,4,/Users/pinksteam/IdeaProjects/javacpp/src/main/java/org/bytedeco/javacpp/indexer/UByteRawIndexer.java,28
javacpp,org.bytedeco.javacpp.indexer,UShortArrayIndexer,1,0,21,21,108,27,0,2,0.0,0,2,/Users/pinksteam/IdeaProjects/javacpp/src/main/java/org/bytedeco/javacpp/indexer/UShortArrayIndexer.java,25
javacpp,org.bytedeco.javacpp.indexer,ShortArrayIndexer,1,0,21,21,108,27,0,2,0.0,0,2,/Users/pinksteam/IdeaProjects/javacpp/src/main/java/org/bytedeco/javacpp/indexer/ShortArrayIndexer.java,25
javacpp,org.bytedeco.javacpp.indexer,FloatRawIndexer,4,0,23,23,124,29,0,2,0.0,0,4,/Users/pinksteam/IdeaProjects/javacpp/src/main/java/org/bytedeco/javacpp/indexer/FloatRawIndexer.java,28
javacpp,org.bytedeco.javacpp.indexer,BooleanIndexer,1,1,39,37,216,40,3,1,0.8974358974358975,4,3,/Users/pinksteam/IdeaProjects/javacpp/src/main/java/org/bytedeco/javacpp/indexer/BooleanIndexer.java,28
javacpp,org.bytedeco.javacpp.indexer,LongRawIndexer,4,0,23,23,124,29,0,2,0.0,0,4,/Users/pinksteam/IdeaProjects/javacpp/src/main/java/org/bytedeco/javacpp/indexer/LongRawIndexer.java,28
javacpp,org.bytedeco.javacpp.indexer,IntIndexer,1,1,39,37,216,40,3,1,0.8974358974358975,4,3,/Users/pinksteam/IdeaProjects/javacpp/src/main/java/org/bytedeco/javacpp/indexer/IntIndexer.java,28
javacpp,org.bytedeco.javacpp.indexer,UShortBufferIndexer,1,0,21,21,108,27,0,2,0.0,0,2,/Users/pinksteam/IdeaProjects/javacpp/src/main/java/org/bytedeco/javacpp/indexer/UShortBufferIndexer.java,28
javacpp,org.bytedeco.javacpp.indexer,Raw,1,0,33,0,53,33,1,0,1.0,29,0,/Users/pinksteam/IdeaProjects/javacpp/src/main/java/org/bytedeco/javacpp/indexer/Raw.java,24
javacpp,org.bytedeco.javacpp.indexer,StrideIndex,1,0,8,8,70,10,1,1,0.375,2,0,/Users/pinksteam/IdeaProjects/javacpp/src/main/java/org/bytedeco/javacpp/indexer/StrideIndex.java,25
javacpp,org.bytedeco.javacpp.indexer,HalfBufferIndexer,1,0,21,21,108,27,0,2,0.0,0,2,/Users/pinksteam/IdeaProjects/javacpp/src/main/java/org/bytedeco/javacpp/indexer/HalfBufferIndexer.java,28
javacpp,org.bytedeco.javacpp.indexer,ByteRawIndexer,4,0,37,37,173,43,0,2,0.0,0,4,/Users/pinksteam/IdeaProjects/javacpp/src/main/java/org/bytedeco/javacpp/indexer/ByteRawIndexer.java,28
javacpp,org.bytedeco.javacpp.indexer,UByteArrayIndexer,1,0,21,21,108,27,0,2,0.0,0,2,/Users/pinksteam/IdeaProjects/javacpp/src/main/java/org/bytedeco/javacpp/indexer/UByteArrayIndexer.java,25
javacpp,org.bytedeco.javacpp.indexer,ShortIndexer,1,1,39,37,216,40,3,1,0.8974358974358975,4,3,/Users/pinksteam/IdeaProjects/javacpp/src/main/java/org/bytedeco/javacpp/indexer/ShortIndexer.java,28
javacpp,org.bytedeco.javacpp.indexer,CharArrayIndexer,1,0,21,21,108,27,0,2,0.0,0,2,/Users/pinksteam/IdeaProjects/javacpp/src/main/java/org/bytedeco/javacpp/indexer/CharArrayIndexer.java,25
javacpp,org.bytedeco.javacpp.indexer,ULongRawIndexer,4,0,23,23,124,29,0,2,0.0,0,4,/Users/pinksteam/IdeaProjects/javacpp/src/main/java/org/bytedeco/javacpp/indexer/ULongRawIndexer.java,29
javacpp,org.bytedeco.javacpp.indexer,FloatIndexer,1,1,39,37,216,40,3,1,0.8974358974358975,5,3,/Users/pinksteam/IdeaProjects/javacpp/src/main/java/org/bytedeco/javacpp/indexer/FloatIndexer.java,28
javacpp,org.bytedeco.javacpp.indexer,ReverseUnsafeRaw,0,0,24,0,78,24,0,2,-1.0,0,0,/Users/pinksteam/IdeaProjects/javacpp/src/main/java/org/bytedeco/javacpp/indexer/ReverseUnsafeRaw.java,24
javacpp,org.bytedeco.javacpp.indexer,ByteArrayIndexer,3,0,36,35,231,55,0,2,0.0,0,3,/Users/pinksteam/IdeaProjects/javacpp/src/main/java/org/bytedeco/javacpp/indexer/ByteArrayIndexer.java,28
javacpp,org.bytedeco.javacpp.indexer,BooleanRawIndexer,4,0,23,23,124,29,0,2,0.0,0,4,/Users/pinksteam/IdeaProjects/javacpp/src/main/java/org/bytedeco/javacpp/indexer/BooleanRawIndexer.java,28
javacpp,org.bytedeco.javacpp.indexer,IntArrayIndexer,1,0,21,21,108,27,0,2,0.0,0,2,/Users/pinksteam/IdeaProjects/javacpp/src/main/java/org/bytedeco/javacpp/indexer/IntArrayIndexer.java,25
javacpp,org.bytedeco.javacpp.indexer,ShortBufferIndexer,1,0,21,21,108,27,0,2,0.0,0,2,/Users/pinksteam/IdeaProjects/javacpp/src/main/java/org/bytedeco/javacpp/indexer/ShortBufferIndexer.java,28
javacpp,org.bytedeco.javacpp.indexer,OneIndex,0,0,5,5,39,6,0,1,-1.0,0,0,/Users/pinksteam/IdeaProjects/javacpp/src/main/java/org/bytedeco/javacpp/indexer/OneIndex.java,25
javacpp,org.bytedeco.javacpp.indexer,HalfArrayIndexer,1,0,21,21,108,27,0,2,0.0,0,2,/Users/pinksteam/IdeaProjects/javacpp/src/main/java/org/bytedeco/javacpp/indexer/HalfArrayIndexer.java,25
javacpp,org.bytedeco.javacpp.indexer,ULongArrayIndexer,1,0,21,21,108,27,0,2,0.0,0,2,/Users/pinksteam/IdeaProjects/javacpp/src/main/java/org/bytedeco/javacpp/indexer/ULongArrayIndexer.java,27
javacpp,org.bytedeco.javacpp.indexer,LongArrayIndexer,1,0,21,21,108,27,0,2,0.0,0,2,/Users/pinksteam/IdeaProjects/javacpp/src/main/java/org/bytedeco/javacpp/indexer/LongArrayIndexer.java,25
javacpp,org.bytedeco.javacpp.indexer,IntRawIndexer,4,0,23,23,124,29,0,2,0.0,0,4,/Users/pinksteam/IdeaProjects/javacpp/src/main/java/org/bytedeco/javacpp/indexer/IntRawIndexer.java,28
javacpp,org.bytedeco.javacpp.indexer,UnsafeRaw,2,0,33,0,132,33,1,1,0.0,0,0,/Users/pinksteam/IdeaProjects/javacpp/src/main/java/org/bytedeco/javacpp/indexer/UnsafeRaw.java,27
javacpp,org.bytedeco.javacpp.indexer,UShortRawIndexer,4,0,23,23,124,29,0,2,0.0,0,4,/Users/pinksteam/IdeaProjects/javacpp/src/main/java/org/bytedeco/javacpp/indexer/UShortRawIndexer.java,28
javacpp,org.bytedeco.javacpp.test.osgi,Calc,0,0,2,1,19,2,0,0,-1.0,1,0,/Users/pinksteam/IdeaProjects/javacpp/src/it/osgi/src/main/java/org/bytedeco/javacpp/test/osgi/Calc.java,7
javacpp,org.bytedeco.javacpp.test.osgi,Calc.IntValue,0,0,0,0,11,0,0,0,-1.0,0,0,/Users/pinksteam/IdeaProjects/javacpp/src/it/osgi/src/main/java/org/bytedeco/javacpp/test/osgi/Calc.java,30
javacpp,org.bytedeco.javacpp.test.osgi,JavaCPPOsgiTest,0,0,1,1,7,1,0,0,-1.0,0,1,/Users/pinksteam/IdeaProjects/javacpp/src/it/osgi/src/main/java/org/bytedeco/javacpp/test/osgi/JavaCPPOsgiTest.java,7
javacpp,org.bytedeco.javacpp.tools,UserClassLoader,1,0,5,4,55,13,0,0,0.6,2,0,/Users/pinksteam/IdeaProjects/javacpp/src/main/java/org/bytedeco/javacpp/tools/UserClassLoader.java,33
javacpp,org.bytedeco.javacpp.tools,MethodInformation,28,0,0,0,18,0,0,0,-1.0,1,0,/Users/pinksteam/IdeaProjects/javacpp/src/main/java/org/bytedeco/javacpp/tools/MethodInformation.java,28
javacpp,org.bytedeco.javacpp.tools,AdapterInformation,5,0,0,0,9,0,0,0,-1.0,1,0,/Users/pinksteam/IdeaProjects/javacpp/src/main/java/org/bytedeco/javacpp/tools/AdapterInformation.java,25
javacpp,org.bytedeco.javacpp.tools,Parser,10,0,42,4,4442,1048,0,0,0.047619047619047616,1,20,/Users/pinksteam/IdeaProjects/javacpp/src/main/java/org/bytedeco/javacpp/tools/Parser.java,45
javacpp,org.bytedeco.javacpp.tools,Type,23,0,5,2,40,9,0,0,0.4,5,1,/Users/pinksteam/IdeaProjects/javacpp/src/main/java/org/bytedeco/javacpp/tools/Type.java,25
javacpp,org.bytedeco.javacpp.tools,ParserException,0,0,3,3,14,3,0,0,-1.0,3,0,/Users/pinksteam/IdeaProjects/javacpp/src/main/java/org/bytedeco/javacpp/tools/ParserException.java,25
javacpp,org.bytedeco.javacpp.tools,IndexedSet,0,0,2,2,15,3,0,0,-1.0,1,0,/Users/pinksteam/IdeaProjects/javacpp/src/main/java/org/bytedeco/javacpp/tools/IndexedSet.java,28
javacpp,org.bytedeco.javacpp.tools,BuildEnabled,0,0,1,0,8,1,0,0,-1.0,0,1,/Users/pinksteam/IdeaProjects/javacpp/src/main/java/org/bytedeco/javacpp/tools/BuildEnabled.java,28
javacpp,org.bytedeco.javacpp.tools,Builder,20,0,47,40,1459,264,0,0,0.10638297872340426,8,7,/Users/pinksteam/IdeaProjects/javacpp/src/main/java/org/bytedeco/javacpp/tools/Builder.java,63
javacpp,org.bytedeco.javacpp.tools,Declarator,13,0,0,0,11,0,0,0,-1.0,6,3,/Users/pinksteam/IdeaProjects/javacpp/src/main/java/org/bytedeco/javacpp/tools/Declarator.java,25
javacpp,org.bytedeco.javacpp.tools,ClassFilter,0,0,1,0,7,1,0,0,-1.0,2,0,/Users/pinksteam/IdeaProjects/javacpp/src/main/java/org/bytedeco/javacpp/tools/ClassFilter.java,25
javacpp,org.bytedeco.javacpp.tools,Info,24,0,41,41,285,41,0,0,0.04878048780487805,4,0,/Users/pinksteam/IdeaProjects/javacpp/src/main/java/org/bytedeco/javacpp/tools/Info.java,30
javacpp,org.bytedeco.javacpp.tools,ParseMojo,0,0,1,1,10,1,0,1,-1.0,0,0,/Users/pinksteam/IdeaProjects/javacpp/src/main/java/org/bytedeco/javacpp/tools/ParseMojo.java,29
javacpp,org.bytedeco.javacpp.tools,Slf4jLogger,1,0,9,9,61,9,0,1,0.0,0,0,/Users/pinksteam/IdeaProjects/javacpp/src/main/java/org/bytedeco/javacpp/tools/Slf4jLogger.java,25
javacpp,org.bytedeco.javacpp.tools,CommandExecutor,1,0,2,2,58,12,0,0,0.0,1,2,/Users/pinksteam/IdeaProjects/javacpp/src/main/java/org/bytedeco/javacpp/tools/CommandExecutor.java,31
javacpp,org.bytedeco.javacpp.tools,Context,17,0,5,0,129,23,0,0,0.0,2,3,/Users/pinksteam/IdeaProjects/javacpp/src/main/java/org/bytedeco/javacpp/tools/Context.java,30
javacpp,org.bytedeco.javacpp.tools,Logger,1,0,9,9,71,10,1,0,0.8888888888888888,26,0,/Users/pinksteam/IdeaProjects/javacpp/src/main/java/org/bytedeco/javacpp/tools/Logger.java,25
javacpp,org.bytedeco.javacpp.tools,TokenIndexer,6,0,7,0,295,65,0,0,0.0,1,4,/Users/pinksteam/IdeaProjects/javacpp/src/main/java/org/bytedeco/javacpp/tools/TokenIndexer.java,31
javacpp,org.bytedeco.javacpp.tools,DeclarationList,6,0,5,2,165,44,0,0,0.4,1,8,/Users/pinksteam/IdeaProjects/javacpp/src/main/java/org/bytedeco/javacpp/tools/DeclarationList.java,30
javacpp,org.bytedeco.javacpp.tools,Templates,1,0,4,0,85,16,0,0,0.0,2,0,/Users/pinksteam/IdeaProjects/javacpp/src/main/java/org/bytedeco/javacpp/tools/Templates.java,31
javacpp,org.bytedeco.javacpp.tools,CacheMojo,5,0,7,6,103,21,0,0,0.0,0,7,/Users/pinksteam/IdeaProjects/javacpp/src/main/java/org/bytedeco/javacpp/tools/CacheMojo.java,45
javacpp,org.bytedeco.javacpp.tools,DocTag,4,0,1,0,17,1,0,0,0.0,1,0,/Users/pinksteam/IdeaProjects/javacpp/src/main/java/org/bytedeco/javacpp/tools/DocTag.java,27
javacpp,org.bytedeco.javacpp.tools,InfoMapper,0,0,1,0,7,1,0,0,-1.0,1,1,/Users/pinksteam/IdeaProjects/javacpp/src/main/java/org/bytedeco/javacpp/tools/InfoMapper.java,28
javacpp,org.bytedeco.javacpp.tools,Declaration,12,0,1,1,12,1,0,0,0.0,3,2,/Users/pinksteam/IdeaProjects/javacpp/src/main/java/org/bytedeco/javacpp/tools/Declaration.java,25
javacpp,org.bytedeco.javacpp.tools,EncodingFileWriter,1,0,3,3,21,5,0,0,0.0,0,0,/Users/pinksteam/IdeaProjects/javacpp/src/main/java/org/bytedeco/javacpp/tools/EncodingFileWriter.java,31
javacpp,org.bytedeco.javacpp.tools,Tokenizer,7,0,9,3,376,80,0,0,0.0,3,1,/Users/pinksteam/IdeaProjects/javacpp/src/main/java/org/bytedeco/javacpp/tools/Tokenizer.java,35
javacpp,org.bytedeco.javacpp.tools,PointerBufferPoolMXBean,3,0,6,6,40,7,0,0,0.6666666666666666,0,2,/Users/pinksteam/IdeaProjects/javacpp/src/main/java/org/bytedeco/javacpp/tools/PointerBufferPoolMXBean.java,9
javacpp,org.bytedeco.javacpp.tools,BuildMojo,48,0,6,5,351,26,1,0,0.8333333333333334,1,3,/Users/pinksteam/IdeaProjects/javacpp/src/main/java/org/bytedeco/javacpp/tools/BuildMojo.java,41
javacpp,org.bytedeco.javacpp.tools,InfoMap,2,0,13,12,0,38,0,0,0.0,5,4,/Users/pinksteam/IdeaProjects/javacpp/src/main/java/org/bytedeco/javacpp/tools/InfoMap.java,31
javacpp,org.bytedeco.javacpp.tools,Attribute,4,0,0,0,7,0,0,0,-1.0,2,0,/Users/pinksteam/IdeaProjects/javacpp/src/main/java/org/bytedeco/javacpp/tools/Attribute.java,25
javacpp,org.bytedeco.javacpp.tools,Token,56,0,10,4,74,18,0,0,0.2,4,1,/Users/pinksteam/IdeaProjects/javacpp/src/main/java/org/bytedeco/javacpp/tools/Token.java,27
javacpp,org.bytedeco.javacpp.tools,Parameters,5,0,0,0,8,0,0,0,-1.0,2,1,/Users/pinksteam/IdeaProjects/javacpp/src/main/java/org/bytedeco/javacpp/tools/Parameters.java,25
javacpp,org.bytedeco.javacpp.tools,ClassScanner,4,0,10,8,115,27,0,0,0.0,2,3,/Users/pinksteam/IdeaProjects/javacpp/src/main/java/org/bytedeco/javacpp/tools/ClassScanner.java,35
javacpp,org.bytedeco.javacpp.tools,TemplateMap,4,0,6,1,54,14,0,0,0.8333333333333334,3,2,/Users/pinksteam/IdeaProjects/javacpp/src/main/java/org/bytedeco/javacpp/tools/TemplateMap.java,28
javacpp,org.bytedeco.javacpp.tools,ClearMojo,0,0,1,1,14,1,0,0,-1.0,0,1,/Users/pinksteam/IdeaProjects/javacpp/src/main/java/org/bytedeco/javacpp/tools/ClearMojo.java,32
javacpp,org.bytedeco.javacpp.tools,Generator,27,0,50,6,0,680,0,0,0.14,2,7,/Users/pinksteam/IdeaProjects/javacpp/src/main/java/org/bytedeco/javacpp/tools/Generator.java,96
javacpp,org.bytedeco.javacpp.tools,Generator.BooleanEnum,1,0,0,0,2,0,0,0,-1.0,0,0,/Users/pinksteam/IdeaProjects/javacpp/src/main/java/org/bytedeco/javacpp/tools/Generator.java,150
javacpp,org.bytedeco.javacpp.tools,Generator.ByteEnum,1,0,0,0,2,0,0,0,-1.0,0,0,/Users/pinksteam/IdeaProjects/javacpp/src/main/java/org/bytedeco/javacpp/tools/Generator.java,151
javacpp,org.bytedeco.javacpp.tools,Generator.ShortEnum,1,0,0,0,2,0,0,0,-1.0,0,0,/Users/pinksteam/IdeaProjects/javacpp/src/main/java/org/bytedeco/javacpp/tools/Generator.java,152
javacpp,org.bytedeco.javacpp.tools,Generator.IntEnum,1,0,0,0,2,0,0,0,-1.0,0,0,/Users/pinksteam/IdeaProjects/javacpp/src/main/java/org/bytedeco/javacpp/tools/Generator.java,153
javacpp,org.bytedeco.javacpp.tools,Generator.LongEnum,1,0,0,0,2,0,0,0,-1.0,0,0,/Users/pinksteam/IdeaProjects/javacpp/src/main/java/org/bytedeco/javacpp/tools/Generator.java,154
javacpp,org.bytedeco.javacpp.presets,javacpp,0,0,1,1,0,7,0,0,-1.0,0,1,/Users/pinksteam/IdeaProjects/javacpp/src/main/java/org/bytedeco/javacpp/presets/javacpp.java,31
